M	.design/d3-scheduler-collaboration.md
M	architecture.toml
M	crates/app/peritus-app-protocol/src/command/binding.rs
M	crates/app/peritus-app-protocol/src/subscription/frame.rs
M	crates/app/peritus-app-protocol/tests/command_binding.rs
M	crates/app/peritus-app-protocol/tests/subscription_traces.rs
M	crates/app/peritus-daemon/src/authority/owner/orchestrator/children/scheduler.rs
M	crates/app/peritus-daemon/src/command.rs
A	crates/app/peritus-daemon/src/command/service_tests.rs
M	crates/app/peritus-daemon/src/domain/dispatch.rs
A	crates/app/peritus-daemon/src/domain/dispatch/scheduler_tests.rs
M	crates/app/testing/peritus-performance-qualification/src/scheduler.rs
M	crates/foundation/peritus-protocol/src/schema/registry.rs
A	crates/foundation/peritus-protocol/src/schema/registry/families.rs
M	crates/foundation/peritus-protocol/src/schema/render.rs
M	crates/foundation/peritus-protocol/tests/compatibility.rs
M	crates/foundation/peritus-protocol/tests/registry_roles.rs
M	crates/orchestration/peritus-scheduler/README.md
M	crates/orchestration/peritus-scheduler/src/binding.rs
M	crates/orchestration/peritus-scheduler/src/canonical.rs
M	crates/orchestration/peritus-scheduler/src/command.rs
M	crates/orchestration/peritus-scheduler/src/durability.rs
M	crates/orchestration/peritus-scheduler/src/durability/binding.rs
A	crates/orchestration/peritus-scheduler/src/durability/semantics.rs
M	crates/orchestration/peritus-scheduler/src/event.rs
A	crates/orchestration/peritus-scheduler/src/event/kind.rs
A	crates/orchestration/peritus-scheduler/src/event/loss.rs
M	crates/orchestration/peritus-scheduler/src/identity.rs
A	crates/orchestration/peritus-scheduler/src/identity/order.rs
A	crates/orchestration/peritus-scheduler/src/identity/tests.rs
M	crates/orchestration/peritus-scheduler/src/lib.rs
M	crates/orchestration/peritus-scheduler/src/limits.rs
M	crates/orchestration/peritus-scheduler/src/projection.rs
M	crates/orchestration/peritus-scheduler/src/reducer.rs
M	crates/orchestration/peritus-scheduler/src/reducer/apply.rs
A	crates/orchestration/peritus-scheduler/src/reducer/apply/admission.rs
A	crates/orchestration/peritus-scheduler/src/reducer/apply/admission/bounds.rs
A	crates/orchestration/peritus-scheduler/src/reducer/apply/admission/checks.rs
A	crates/orchestration/peritus-scheduler/src/reducer/apply/admission/contracts.rs
A	crates/orchestration/peritus-scheduler/src/reducer/apply/cancellation.rs
A	crates/orchestration/peritus-scheduler/src/reducer/apply/cancellation/command.rs
A	crates/orchestration/peritus-scheduler/src/reducer/apply/cancellation/ids.rs
A	crates/orchestration/peritus-scheduler/src/reducer/apply/cancellation/non_resurrection.rs
A	crates/orchestration/peritus-scheduler/src/reducer/apply/cancellation/queue.rs
A	crates/orchestration/peritus-scheduler/src/reducer/apply/cancellation/tests.rs
A	crates/orchestration/peritus-scheduler/src/reducer/apply/cancellation/update.rs
A	crates/orchestration/peritus-scheduler/src/reducer/apply/cancellation/update/activity.rs
A	crates/orchestration/peritus-scheduler/src/reducer/apply/cancellation/update/frame.rs
A	crates/orchestration/peritus-scheduler/src/reducer/apply/cancellation/update/trace.rs
M	crates/orchestration/peritus-scheduler/src/reducer/apply/control.rs
A	crates/orchestration/peritus-scheduler/src/reducer/apply/control/finalization.rs
A	crates/orchestration/peritus-scheduler/src/reducer/apply/control/phase.rs
M	crates/orchestration/peritus-scheduler/src/reducer/apply/dispatch.rs
A	crates/orchestration/peritus-scheduler/src/reducer/apply/dispatch/contracts.rs
A	crates/orchestration/peritus-scheduler/src/reducer/apply/loss.rs
A	crates/orchestration/peritus-scheduler/src/reducer/apply/loss/batch.rs
A	crates/orchestration/peritus-scheduler/src/reducer/apply/loss/batch/release_plan.rs
A	crates/orchestration/peritus-scheduler/src/reducer/apply/loss/batch/selection.rs
A	crates/orchestration/peritus-scheduler/src/reducer/apply/loss/batch/state_frame.rs
A	crates/orchestration/peritus-scheduler/src/reducer/apply/loss/batch/trace.rs
A	crates/orchestration/peritus-scheduler/src/reducer/apply/loss/batch/worker_target.rs
A	crates/orchestration/peritus-scheduler/src/reducer/apply/loss/release_one.rs
A	crates/orchestration/peritus-scheduler/src/reducer/apply/loss/release_one/lookup_proofs.rs
A	crates/orchestration/peritus-scheduler/src/reducer/apply/loss/release_one/queue.rs
A	crates/orchestration/peritus-scheduler/src/reducer/decision.rs
A	crates/orchestration/peritus-scheduler/src/reducer/fences.rs
A	crates/orchestration/peritus-scheduler/src/reducer/reconstruction.rs
A	crates/orchestration/peritus-scheduler/src/reducer/reconstruction/relation.rs
A	crates/orchestration/peritus-scheduler/src/reducer/start.rs
M	crates/orchestration/peritus-scheduler/src/resource.rs
M	crates/orchestration/peritus-scheduler/src/runtime.rs
M	crates/orchestration/peritus-scheduler/src/selection.rs
M	crates/orchestration/peritus-scheduler/src/selection/capacity.rs
M	crates/orchestration/peritus-scheduler/src/selection/model.rs
A	crates/orchestration/peritus-scheduler/src/selection/ordering.rs
A	crates/orchestration/peritus-scheduler/src/selection/scan.rs
A	crates/orchestration/peritus-scheduler/src/selection/scan/work.rs
A	crates/orchestration/peritus-scheduler/src/semantics.rs
M	crates/orchestration/peritus-scheduler/src/state.rs
M	crates/orchestration/peritus-scheduler/src/state/clone_impl.rs
M	crates/orchestration/peritus-scheduler/src/state/lookup.rs
M	crates/orchestration/peritus-scheduler/src/state/mutation.rs
A	crates/orchestration/peritus-scheduler/src/state/mutation/cursor.rs
A	crates/orchestration/peritus-scheduler/src/state/mutation/dependency_action.rs
A	crates/orchestration/peritus-scheduler/src/state/mutation/dependency_action/proofs.rs
A	crates/orchestration/peritus-scheduler/src/state/mutation/dependency_budget.rs
A	crates/orchestration/peritus-scheduler/src/state/mutation/dependency_measure.rs
A	crates/orchestration/peritus-scheduler/src/state/mutation/dependency_round.rs
A	crates/orchestration/peritus-scheduler/src/state/mutation/dependency_round/apply.rs
A	crates/orchestration/peritus-scheduler/src/state/mutation/dependency_round/frame.rs
A	crates/orchestration/peritus-scheduler/src/state/mutation/dependency_round/queue.rs
A	crates/orchestration/peritus-scheduler/src/state/mutation/dependency_round/selection.rs
A	crates/orchestration/peritus-scheduler/src/state/mutation/dependency_round/trace.rs
M	crates/orchestration/peritus-scheduler/src/state/mutation/entity_insertion.rs
A	crates/orchestration/peritus-scheduler/src/state/mutation/entity_insertion/slots.rs
A	crates/orchestration/peritus-scheduler/src/state/mutation/insertion_slots.rs
M	crates/orchestration/peritus-scheduler/src/state/mutation/reservation_command.rs
A	crates/orchestration/peritus-scheduler/src/state/mutation/reservation_command/acknowledge_cancellation.rs
A	crates/orchestration/peritus-scheduler/src/state/mutation/reservation_command/complete.rs
A	crates/orchestration/peritus-scheduler/src/state/mutation/reservation_command/contracts.rs
A	crates/orchestration/peritus-scheduler/src/state/mutation/reservation_command/contracts/non_resurrection.rs
A	crates/orchestration/peritus-scheduler/src/state/mutation/reservation_command/contracts/non_resurrection/classification.rs
A	crates/orchestration/peritus-scheduler/src/state/mutation/reservation_command/outcome.rs
M	crates/orchestration/peritus-scheduler/src/state/mutation/reservation_remove.rs
M	crates/orchestration/peritus-scheduler/src/state/mutation/reserve.rs
M	crates/orchestration/peritus-scheduler/src/state/mutation/reserve/prepare.rs
M	crates/orchestration/peritus-scheduler/src/state/mutation/scheduler_phase.rs
A	crates/orchestration/peritus-scheduler/src/state/mutation/set_terminal.rs
M	crates/orchestration/peritus-scheduler/src/state/mutation/work_update.rs
A	crates/orchestration/peritus-scheduler/src/state/mutation/work_update/apply_at.rs
M	crates/orchestration/peritus-scheduler/src/state/mutation/work_update/release.rs
A	crates/orchestration/peritus-scheduler/src/state/mutation/work_update/release/phase_relation.rs
A	crates/orchestration/peritus-scheduler/src/state/mutation/work_update/release/readiness.rs
A	crates/orchestration/peritus-scheduler/src/state/mutation/work_update/release/terminal_relation.rs
M	crates/orchestration/peritus-scheduler/src/state/mutation/work_update/wrappers.rs
A	crates/orchestration/peritus-scheduler/src/state/mutation/worker_refresh.rs
A	crates/orchestration/peritus-scheduler/src/state/mutation/worker_refresh/step.rs
M	crates/orchestration/peritus-scheduler/src/state/mutation/worker_update.rs
A	crates/orchestration/peritus-scheduler/src/state/ordering.rs
A	crates/orchestration/peritus-scheduler/src/state/queue.rs
A	crates/orchestration/peritus-scheduler/src/state/queue/tests.rs
M	crates/orchestration/peritus-scheduler/src/state/terminal.rs
A	crates/orchestration/peritus-scheduler/src/state/terminal/evaluation.rs
M	crates/orchestration/peritus-scheduler/src/state/validation.rs
M	crates/orchestration/peritus-scheduler/src/verified.rs
M	crates/orchestration/peritus-scheduler/src/verified/reservations.rs
M	crates/orchestration/peritus-scheduler/src/wire/command.rs
M	crates/orchestration/peritus-scheduler/src/wire/event.rs
M	crates/orchestration/peritus-scheduler/src/wire/fixture_tests.rs
M	crates/orchestration/peritus-scheduler/src/wire/mod.rs
M	crates/orchestration/peritus-scheduler/src/wire/state.rs
M	crates/orchestration/peritus-scheduler/src/work.rs
M	crates/orchestration/peritus-scheduler/src/work/class.rs
M	crates/orchestration/peritus-scheduler/src/work/clone_impl.rs
M	crates/orchestration/peritus-scheduler/src/work/record.rs
M	crates/orchestration/peritus-scheduler/src/worker.rs
A	crates/orchestration/peritus-scheduler/src/worker/admission.rs
M	crates/orchestration/peritus-scheduler/src/worker/clone_impl.rs
A	crates/orchestration/peritus-scheduler/tests/cancellation_tree.rs
A	crates/orchestration/peritus-scheduler/tests/cancellation_tree/oracle.rs
A	crates/orchestration/peritus-scheduler/tests/canonical_lookup.rs
A	crates/orchestration/peritus-scheduler/tests/command_fences.rs
A	crates/orchestration/peritus-scheduler/tests/legacy_recovery.rs
A	crates/orchestration/peritus-scheduler/tests/queue_recovery.rs
A	crates/orchestration/peritus-scheduler/tests/refresh_composition.rs
A	crates/orchestration/peritus-scheduler/tests/replay_reconstruction.rs
M	crates/orchestration/peritus-scheduler/tests/support/mod.rs
A	crates/orchestration/peritus-scheduler/tests/terminal_summary.rs
A	crates/orchestration/peritus-scheduler/tests/versioned_durability.rs
A	crates/orchestration/peritus-scheduler/tests/versioned_durability/historical_import.rs
A	crates/orchestration/peritus-scheduler/tests/versioned_wire.rs
A	crates/orchestration/peritus-scheduler/tests/work_admission.rs
A	crates/orchestration/peritus-scheduler/tests/worker_descriptor_admission.rs
A	crates/orchestration/peritus-scheduler/tests/worker_loss_outcomes.rs
M	crates/state/peritus-evidence/src/provenance.rs
M	crates/state/peritus-projection/src/replay.rs
M	crates/state/peritus-projection/tests/rebuild.rs
A	crates/state/peritus-projection/tests/rebuild/journal_fixture.rs
M	docs/d3-scheduler-collaboration.md
M	docs/formal-coverage-checkpoint.md
A	docs/formal-scheduler-gap3.md
A	docs/formal-scheduler-gap3/admission-cancellation-review.md
A	docs/formal-scheduler-gap3/cancellation-command-review.md
A	docs/formal-scheduler-gap3/cancellation-reconstruction-review.md
A	docs/formal-scheduler-gap3/cancellation-review.md
A	docs/formal-scheduler-gap3/evidence/120-final-codegen-check.log
A	docs/formal-scheduler-gap3/evidence/125b-final-daemon-tests.log
A	docs/formal-scheduler-gap3/evidence/126-final-api-checker-tests.log
A	docs/formal-scheduler-gap3/evidence/127b-final-checkpoint-clippy.log
A	docs/formal-scheduler-gap3/evidence/128-final-checkpoint-verus.log
A	docs/formal-scheduler-gap3/evidence/129-final-checkpoint-tests.log
A	docs/formal-scheduler-gap3/evidence/130-final-ordinary-api.log
A	docs/formal-scheduler-gap3/evidence/131-final-checkpoint-format.log
A	docs/formal-scheduler-gap3/evidence/132-final-checkpoint-source.sha256
A	docs/formal-scheduler-gap3/evidence/133-final-protected-trust.log
A	docs/formal-scheduler-gap3/evidence/134-final-architecture.log
A	docs/formal-scheduler-gap3/evidence/135-final-reproducibility.log
A	docs/formal-scheduler-gap3/evidence/136-final-checkpoint-source.sha256
A	docs/formal-scheduler-gap3/evidence/137-final-docs-check.log
A	docs/formal-scheduler-gap3/evidence/139-final-format-check.log
A	docs/formal-scheduler-gap3/evidence/140-final-checkpoint-source.sha256
A	docs/formal-scheduler-gap3/evidence/141-final-checkpoint-tests.log
A	docs/formal-scheduler-gap3/evidence/142-final-checkpoint-clippy.log
A	docs/formal-scheduler-gap3/evidence/156-cancellation-final-clippy.log
A	docs/formal-scheduler-gap3/evidence/157-cancellation-source.sha256
A	docs/formal-scheduler-gap3/evidence/158-cancellation-final-verus.log
A	docs/formal-scheduler-gap3/evidence/159-cancellation-final-tests.log
A	docs/formal-scheduler-gap3/evidence/160-cancellation-final-format.log
A	docs/formal-scheduler-gap3/evidence/161-cancellation-final-architecture.log
A	docs/formal-scheduler-gap3/evidence/162-cancellation-final-ordinary-api.log
A	docs/formal-scheduler-gap3/evidence/176-scheduler-clippy.log
A	docs/formal-scheduler-gap3/evidence/181-final-format-check.log
A	docs/formal-scheduler-gap3/evidence/182-admission-cancellation-source.sha256
A	docs/formal-scheduler-gap3/evidence/183-final-strict-verus.log
A	docs/formal-scheduler-gap3/evidence/184-final-scheduler-tests.log
A	docs/formal-scheduler-gap3/evidence/185-final-architecture-check.log
A	docs/formal-scheduler-gap3/evidence/186-final-ordinary-api-check.log
A	docs/formal-scheduler-gap3/evidence/204-combined-scheduler-tests.log
A	docs/formal-scheduler-gap3/evidence/205-combined-composition-verus.log
A	docs/formal-scheduler-gap3/evidence/206-reconstruction-mutation-restoration.log
A	docs/formal-scheduler-gap3/evidence/206-reconstruction-mutation.diff
A	docs/formal-scheduler-gap3/evidence/206-reconstruction-mutation.log
A	docs/formal-scheduler-gap3/evidence/206-reconstruction-mutation.sh
A	docs/formal-scheduler-gap3/evidence/207-combined-clippy.log
A	docs/formal-scheduler-gap3/evidence/208-final-composition-format.log
A	docs/formal-scheduler-gap3/evidence/208b-final-composition-format.log
A	docs/formal-scheduler-gap3/evidence/209-final-composition-architecture.log
A	docs/formal-scheduler-gap3/evidence/210-final-composition-api.log
A	docs/formal-scheduler-gap3/evidence/211-composition-source.sha256
A	docs/formal-scheduler-gap3/evidence/212-final-composition-tests.log
A	docs/formal-scheduler-gap3/evidence/213-final-composition-clippy.log
A	docs/formal-scheduler-gap3/evidence/214-final-composition-verus.log
A	docs/formal-scheduler-gap3/evidence/215-composition-docs-check.log
A	docs/formal-scheduler-gap3/evidence/220-refresh-finalization-tests.log
A	docs/formal-scheduler-gap3/evidence/223-refresh-finalization-clippy.log
A	docs/formal-scheduler-gap3/evidence/224-refresh-finalization-verus.log
A	docs/formal-scheduler-gap3/evidence/225-worker-count-mutation-restoration.log
A	docs/formal-scheduler-gap3/evidence/225-worker-count-mutation.diff
A	docs/formal-scheduler-gap3/evidence/225-worker-count-mutation.log
A	docs/formal-scheduler-gap3/evidence/225-worker-count-mutation.sh
A	docs/formal-scheduler-gap3/evidence/226-refresh-format.log
A	docs/formal-scheduler-gap3/evidence/226c-refresh-format.log
A	docs/formal-scheduler-gap3/evidence/227-refresh-architecture.log
A	docs/formal-scheduler-gap3/evidence/228c-refresh-source.sha256
A	docs/formal-scheduler-gap3/evidence/229b-final-refresh-tests.log
A	docs/formal-scheduler-gap3/evidence/230c-final-refresh-verus.log
A	docs/formal-scheduler-gap3/evidence/231b-final-refresh-clippy.log
A	docs/formal-scheduler-gap3/evidence/232-refresh-api.log
A	docs/formal-scheduler-gap3/evidence/233-refresh-docs-check.log
A	docs/formal-scheduler-gap3/evidence/251-final-combined-verus.log
A	docs/formal-scheduler-gap3/evidence/252-final-scheduler-tests.log
A	docs/formal-scheduler-gap3/evidence/253-final-format-check.log
A	docs/formal-scheduler-gap3/evidence/254-final-scheduler-clippy.log
A	docs/formal-scheduler-gap3/evidence/255-final-architecture-check.log
A	docs/formal-scheduler-gap3/evidence/256-final-ordinary-api-check.log
A	docs/formal-scheduler-gap3/evidence/257-final-scheduler-source.sha256
A	docs/formal-scheduler-gap3/evidence/258-final-docs-check.log
A	docs/formal-scheduler-gap3/evidence/68-schema-consumer-tests.log
A	docs/formal-scheduler-gap3/evidence/80-83-mutation-driver.log
A	docs/formal-scheduler-gap3/evidence/80-queue-running-mutation.diff
A	docs/formal-scheduler-gap3/evidence/80-queue-running-mutation.log
A	docs/formal-scheduler-gap3/evidence/81-queue-attempt-mutation.diff
A	docs/formal-scheduler-gap3/evidence/81-queue-attempt-mutation.log
A	docs/formal-scheduler-gap3/evidence/82-legacy-occupancy-mutation.diff
A	docs/formal-scheduler-gap3/evidence/82-legacy-occupancy-mutation.log
A	docs/formal-scheduler-gap3/evidence/83-semantic-version-mutation.diff
A	docs/formal-scheduler-gap3/evidence/83-semantic-version-mutation.log
A	docs/formal-scheduler-gap3/evidence/84-restored-versioned-queue-verus.log
A	docs/formal-scheduler-gap3/evidence/85-final-versioned-queue-tests.log
A	docs/formal-scheduler-gap3/evidence/87-protocol-codegen-check.log
A	docs/formal-scheduler-gap3/evidence/88-workspace-check.log
A	docs/formal-scheduler-gap3/evidence/89-daemon-library-tests.log
A	docs/formal-scheduler-gap3/evidence/90-format-check.log
A	docs/formal-scheduler-gap3/evidence/91-final-versioned-queue-clippy.log
A	docs/formal-scheduler-gap3/evidence/92-versioned-queue-source.sha256
A	docs/formal-scheduler-gap3/evidence/92-versioned-queue-source.tar.gz
A	docs/formal-scheduler-gap3/evidence/README.md
A	docs/formal-scheduler-gap3/evidence/SHA256SUMS
A	docs/formal-scheduler-gap3/finalization-review.md
A	docs/formal-scheduler-gap3/lookup-review.md
A	docs/formal-scheduler-gap3/loss-review.md
A	docs/formal-scheduler-gap3/ordering-clone-review.md
A	docs/formal-scheduler-gap3/queue-recovery-review.md
A	docs/formal-scheduler-gap3/queue-version-design.md
A	docs/formal-scheduler-gap3/queue-version-review.md
A	docs/formal-scheduler-gap3/reducer-integration-review.md
A	docs/formal-scheduler-gap3/refresh-review.md
A	docs/formal-scheduler-gap3/terminal-review.md
A	docs/formal-scheduler-gap3/worker-loss-batch-review.md
A	fixtures/protocol/scheduler-v1-recovery/README.md
A	fixtures/protocol/scheduler-v1-recovery/SHA256SUMS
A	fixtures/protocol/scheduler-v1-recovery/benign/checkpoint.bin
A	fixtures/protocol/scheduler-v1-recovery/benign/command-01.bin
A	fixtures/protocol/scheduler-v1-recovery/benign/command-03.bin
A	fixtures/protocol/scheduler-v1-recovery/benign/command-04.bin
A	fixtures/protocol/scheduler-v1-recovery/benign/command-05.bin
A	fixtures/protocol/scheduler-v1-recovery/benign/command-06.bin
A	fixtures/protocol/scheduler-v1-recovery/benign/command-07.bin
A	fixtures/protocol/scheduler-v1-recovery/benign/command-08.bin
A	fixtures/protocol/scheduler-v1-recovery/benign/event-01.bin
A	fixtures/protocol/scheduler-v1-recovery/benign/event-03.bin
A	fixtures/protocol/scheduler-v1-recovery/benign/event-04.bin
A	fixtures/protocol/scheduler-v1-recovery/benign/event-05.bin
A	fixtures/protocol/scheduler-v1-recovery/benign/event-06.bin
A	fixtures/protocol/scheduler-v1-recovery/benign/event-07.bin
A	fixtures/protocol/scheduler-v1-recovery/benign/event-08.bin
A	fixtures/protocol/scheduler-v1-recovery/loss/checkpoint.bin
A	fixtures/protocol/scheduler-v1-recovery/loss/command-01.bin
A	fixtures/protocol/scheduler-v1-recovery/loss/command-03.bin
A	fixtures/protocol/scheduler-v1-recovery/loss/command-04.bin
A	fixtures/protocol/scheduler-v1-recovery/loss/command-05.bin
A	fixtures/protocol/scheduler-v1-recovery/loss/command-06.bin
A	fixtures/protocol/scheduler-v1-recovery/loss/command-07.bin
A	fixtures/protocol/scheduler-v1-recovery/loss/command-08.bin
A	fixtures/protocol/scheduler-v1-recovery/loss/event-01.bin
A	fixtures/protocol/scheduler-v1-recovery/loss/event-03.bin
A	fixtures/protocol/scheduler-v1-recovery/loss/event-04.bin
A	fixtures/protocol/scheduler-v1-recovery/loss/event-05.bin
A	fixtures/protocol/scheduler-v1-recovery/loss/event-06.bin
A	fixtures/protocol/scheduler-v1-recovery/loss/event-07.bin
A	fixtures/protocol/scheduler-v1-recovery/loss/event-08.bin
A	fixtures/protocol/scheduler-v1-recovery/retry/checkpoint.bin
A	fixtures/protocol/scheduler-v1-recovery/retry/command-01.bin
A	fixtures/protocol/scheduler-v1-recovery/retry/command-03.bin
A	fixtures/protocol/scheduler-v1-recovery/retry/command-04.bin
A	fixtures/protocol/scheduler-v1-recovery/retry/command-05.bin
A	fixtures/protocol/scheduler-v1-recovery/retry/command-06.bin
A	fixtures/protocol/scheduler-v1-recovery/retry/command-07.bin
A	fixtures/protocol/scheduler-v1-recovery/retry/command-08.bin
A	fixtures/protocol/scheduler-v1-recovery/retry/event-01.bin
A	fixtures/protocol/scheduler-v1-recovery/retry/event-03.bin
A	fixtures/protocol/scheduler-v1-recovery/retry/event-04.bin
A	fixtures/protocol/scheduler-v1-recovery/retry/event-05.bin
A	fixtures/protocol/scheduler-v1-recovery/retry/event-06.bin
A	fixtures/protocol/scheduler-v1-recovery/retry/event-07.bin
A	fixtures/protocol/scheduler-v1-recovery/retry/event-08.bin
A	fixtures/protocol/scheduler-v2/SHA256SUMS
A	fixtures/protocol/scheduler-v2/scheduler-command.bin
A	fixtures/protocol/scheduler-v2/scheduler-event.bin
A	fixtures/protocol/scheduler-v2/scheduler-state.bin
M	protocol/generated/peritus-domain-v1.schema.json
M	protocol/generated/peritus-domain-v1.ts
M	xtask/src/api_contract/expansion/attributes.rs
M	xtask/src/api_contract/expansion_tests.rs
